<?xml version='1.0' encoding='UTF-8'?>
<system creation-date="2017-11-24 19:14:41" desc="14000-501104" enable="False" id="de1629b6-dc88-43f0-b6f0-ceb7739d0b6c" last-modified-date="" name="14000-501104"><applications><application name="RobotWare" version="6.06.1025"><settings><setting-file path="/hd0a/14000-501104/INTERNAL/controller.rsf" /><system-xml path="/hd0a/14000-501104/system.xml" /><key-id path="/hd0a/14000-501104/INTERNAL/key.id" /></settings></application><application name="SmartGripper" version="3.52.0000.00"><settings><setting-file path="/hd0a/14000-501104/INTERNAL/controller.rsf" /><system-xml path="/hd0a/14000-501104/system.xml" /><key-id path="/hd0a/14000-501104/INTERNAL/key.id" /></settings></application></applications></system>