<?xml version='1.0' encoding='UTF-8'?>
<system creation-date="2017-08-26 15:59:26" desc=" " enable="False" id="925AB468-F113-404D-90B1-1A6474000BE3" last-modified-date="" name="yumi_reset_2017_08_26_2"><applications><application name="RobotWare" version="6.05.0129"><settings><setting-file path="/hd0a/yumi_reset_2017_08_26_2/INTERNAL/controller.rsf" /><system-xml path="/hd0a/yumi_reset_2017_08_26_2/system.xml" /><key-id path="/hd0a/yumi_reset_2017_08_26_2/INTERNAL/key.id" /></settings></application><application name="SmartGripper" version="3.52.0000.00"><settings><setting-file path="/hd0a/yumi_reset_2017_08_26_2/INTERNAL/controller.rsf" /><system-xml path="/hd0a/yumi_reset_2017_08_26_2/system.xml" /><key-id path="/hd0a/yumi_reset_2017_08_26_2/INTERNAL/key.id" /></settings></application></applications></system>