<?xml version="1.0" encoding="UTF-8"?><SystemProperties><SystemName>yumi_reset_2017_08_26_2</SystemName><SerialNo>14000-500234</SerialNo><UsedMedia><Media path="RobotWare_6.05.0129" name="RobotWare" version="6.05.0129" /><Media path="SmartGripper_3.52.0000.00" name="SmartGripper" version="3.52.0000.00" /></UsedMedia><ControlModule><Option descr="604-1 MultiMove Coordinated"></Option><Option descr="623-1 Multitasking"></Option><Option descr="613-1 Collision Detection"></Option><Option descr="709-1 DeviceNet Master/Slave"></Option><Option descr="Contact L"></Option><Option descr="Leadthrough"></Option><Option descr="RobotWare Base"></Option><Option descr="603-1 Absolute Accuracy"></Option><Option descr="608-1 World Zones"></Option><Option descr="611-1 Path Recovery"></Option><Option descr="612-1 Path Offset"></Option><Option descr="841-1 EtherNet/IP Scanner/Adapter"></Option><Option descr="1341-1/1520-1 Integrated Vision Interface"></Option><Option descr="988-1 RW Add-In Prepared"></Option><Option descr="688-1 RobotStudio App Connect"></Option><Option descr="617-1 FlexPendant Interface"></Option><Option descr="616-1 PC Interface"></Option><Option descr="English"></Option></ControlModule><DriveModule><Name>Robot1</Name><Option descr="Drive System IRB 14000"></Option><Option descr="Hall Sensor Calibration"></Option><Option descr="IRB 14000-0.5/0.5"></Option></DriveModule><AdditionalOption><Name>SmartGripper</Name><Option descr="SmartGripper"></Option></AdditionalOption></SystemProperties>