<?xml version='1.0' encoding='UTF-8'?>
<system creation-date="2016-06-06 12:00:51" desc="14000-500407" enable="False" id="C54BFD16-FAFB-47E5-A7BB-433C225D40F8" last-modified-date="" name="14000-500407"><applications><application name="RobotWare" version="6.03.0140"><settings><setting-file path="/hd0a/14000-500407/INTERNAL/controller.rsf" /><system-xml path="/hd0a/14000-500407/system.xml" /><key-id path="/hd0a/14000-500407/INTERNAL/key.id" /></settings></application><application name="SmartGripperV3_3" version="3.30.0000.01"><settings><setting-file path="/hd0a/14000-500407/INTERNAL/controller.rsf" /><system-xml path="/hd0a/14000-500407/system.xml" /><key-id path="/hd0a/14000-500407/INTERNAL/key.id" /></settings></application></applications></system>